{"cameraMode":{"drawMode":0,"name":"Shaded","section":"Shading Mode"},"sceneLighting":false,"audioPlay":false,"sceneViewState":{"m_AlwaysRefresh":false,"showFog":true,"showSkybox":false,"showFlares":true,"showImageEffects":true,"showParticleSystems":true,"showVisualEffectGraphs":true,"m_FxEnabled":true},"in2DMode":false,"pivot":{"x":-0.9570000171661377,"y":1.4320000410079957,"z":1.0312000513076783},"rotation":{"x":-0.0897260457277298,"y":0.7448211312294006,"z":-0.10230391472578049,"w":-0.6532463431358337},"size":0.06491074711084366,"orthographic":false}