{"cameraMode":{"drawMode":0,"name":"Shaded","section":"Shading Mode"},"sceneLighting":false,"audioPlay":false,"sceneViewState":{"m_AlwaysRefresh":false,"showFog":true,"showSkybox":false,"showFlares":true,"showImageEffects":true,"showParticleSystems":true,"showVisualEffectGraphs":true,"m_FxEnabled":true},"in2DMode":false,"pivot":{"x":0.012502729892730713,"y":0.15338604152202607,"z":-0.025132901966571809},"rotation":{"x":0.42670518159866335,"y":0.14470402896404267,"z":-0.06927916407585144,"w":0.8901265263557434},"size":0.4122249186038971,"orthographic":false}