{"cameraMode":{"drawMode":0,"name":"Shaded","section":"Shading Mode"},"sceneLighting":false,"audioPlay":false,"sceneViewState":{"m_AlwaysRefresh":false,"showFog":true,"showSkybox":false,"showFlares":true,"showImageEffects":true,"showParticleSystems":true,"showVisualEffectGraphs":true,"m_FxEnabled":true},"in2DMode":false,"pivot":{"x":-3.725290298461914e-9,"y":-0.0024826303124427797,"z":-0.0023404713720083238},"rotation":{"x":0.15774352848529817,"y":0.6451509594917297,"z":-0.13851916790008546,"w":0.7346693873405457},"size":0.06517985463142395,"orthographic":false}