{"cameraMode":{"drawMode":0,"name":"Shaded","section":"Shading Mode"},"sceneLighting":false,"audioPlay":false,"sceneViewState":{"m_AlwaysRefresh":false,"showFog":false,"showSkybox":false,"showFlares":false,"showImageEffects":false,"showParticleSystems":false,"showVisualEffectGraphs":true,"m_FxEnabled":true},"in2DMode":false,"pivot":{"x":-0.1277286410331726,"y":0.2696869373321533,"z":-0.0714106634259224},"rotation":{"x":-0.048457641154527667,"y":-0.9505976438522339,"z":0.19368168711662293,"w":-0.23776952922344209},"size":1.2353931665420533,"orthographic":false}