{"cameraMode":{"drawMode":0,"name":"Shaded","section":"Shading Mode"},"sceneLighting":true,"audioPlay":false,"sceneViewState":{"m_AlwaysRefresh":false,"showFog":true,"showSkybox":true,"showFlares":true,"showImageEffects":true,"showParticleSystems":true,"showVisualEffectGraphs":true,"m_FxEnabled":true},"in2DMode":false,"pivot":{"x":-4.166358470916748,"y":3.9923596382141115,"z":-4.043139457702637},"rotation":{"x":-0.18107333779335023,"y":-0.11389756947755814,"z":0.02109162136912346,"w":-0.9766998887062073},"size":1.4150974750518799,"orthographic":false}