{"cameraMode":{"drawMode":0,"name":"Shaded","section":"Shading Mode"},"sceneLighting":true,"audioPlay":false,"sceneViewState":{"m_AlwaysRefresh":false,"showFog":true,"showSkybox":true,"showFlares":true,"showImageEffects":true,"showParticleSystems":true,"showVisualEffectGraphs":true,"m_FxEnabled":true},"in2DMode":false,"pivot":{"x":11.019928932189942,"y":0.19788487255573274,"z":-6.321012020111084},"rotation":{"x":-0.02388702519237995,"y":-0.8662817478179932,"z":0.041613586246967319,"w":-0.49725624918937685},"size":5.4373955726623539,"orthographic":false}