{"cameraMode":{"drawMode":0,"name":"Shaded","section":"Shading Mode"},"sceneLighting":true,"audioPlay":false,"sceneViewState":{"m_AlwaysRefresh":false,"showFog":true,"showSkybox":true,"showFlares":true,"showImageEffects":true,"showParticleSystems":true,"showVisualEffectGraphs":true,"m_FxEnabled":true},"in2DMode":false,"pivot":{"x":-4.6155009269714359,"y":6.305683612823486,"z":1.4597697257995606},"rotation":{"x":-0.19825167953968049,"y":-0.7265475988388062,"z":0.23437441885471345,"w":-0.6148108243942261},"size":1.2247449159622193,"orthographic":false}