{"cameraMode":{"drawMode":0,"name":"Shaded","section":"Shading Mode"},"sceneLighting":true,"audioPlay":false,"sceneViewState":{"m_AlwaysRefresh":false,"showFog":true,"showSkybox":true,"showFlares":true,"showImageEffects":true,"showParticleSystems":true,"showVisualEffectGraphs":true,"m_FxEnabled":true},"in2DMode":false,"pivot":{"x":-25.76090431213379,"y":19.594236373901368,"z":28.45850944519043},"rotation":{"x":0.13850337266921998,"y":0.8261363506317139,"z":-0.23134347796440125,"w":0.4948686957359314},"size":1.7514240741729737,"orthographic":false}