{"cameraMode":{"drawMode":0,"name":"Shaded","section":"Shading Mode"},"sceneLighting":true,"audioPlay":false,"sceneViewState":{"m_AlwaysRefresh":false,"showFog":true,"showSkybox":true,"showFlares":true,"showImageEffects":true,"showParticleSystems":true,"showVisualEffectGraphs":true,"m_FxEnabled":true},"in2DMode":false,"pivot":{"x":14.723305702209473,"y":-97.17918395996094,"z":103.77552795410156},"rotation":{"x":-0.38074132800102236,"y":-0.0995817631483078,"z":0.041337888687849048,"w":-0.9184252023696899},"size":86.56883239746094,"orthographic":false}