{"cameraMode":{"drawMode":0,"name":"Shaded","section":"Shading Mode"},"sceneLighting":true,"audioPlay":false,"sceneViewState":{"m_AlwaysRefresh":false,"showFog":true,"showSkybox":true,"showFlares":true,"showImageEffects":true,"showParticleSystems":true,"showVisualEffectGraphs":true,"m_FxEnabled":true},"in2DMode":false,"pivot":{"x":0.40337979793548586,"y":1.6847689151763917,"z":-10.804259300231934},"rotation":{"x":0.041023533791303638,"y":0.9409651160240173,"z":-0.12349651753902435,"w":0.31254062056541445},"size":1.1465342044830323,"orthographic":false}